,ADFT,APFT,FEP,FET,PPT,label
0,0.0,0.0,0.0,0.0,0.0,0
1,0.0,0.00061,0.0,50.0,0.18032786885245902,0
2,0.0,0.00053,0.14285714285714285,50.0,0.6875,0
3,0.0,0.000934,0.14285714285714285,50.0,0.46875,0
