,ADFT,APFT,FEP,FET,PPT,label
0,0.0,0.0,0.0,0.0,0.0,0
1,0.0,0.00023,0.0,50000.0,0.056910569105691054,0
2,0.0,0.000228,0.08333333333333333,50000.0,0.6666666666666666,0
3,0.0,0.000659,0.21428571428571427,50000.0,0.23157894736842105,0
4,0.0,0.00053,0.26666666666666666,50000.0,2.6666666666666665,0
