,ADN,AFSF,Ns,PFSI,PPR,SPI,TFSI,VDA,label
0,0.0,0.0,0.0,0.0,0.0,0.0,0.0,0.0,0
1,2.0,0.08333333333333333,6.0,0.0,-4.545454545454546,1.8148148148148149,42.857142857142854,0.0,0
2,2.0,0.08333333333333333,6.0,0.14285714285714285,-0.45454545454545453,2.0370370370370368,50.0,0.0,0
3,2.0,0.08333333333333333,6.0,0.14285714285714285,-1.1333333333333333,2.0370370370370368,50.0,0.0,0
