,ADN,AFSF,Ns,PFSI,PPR,SPI,TFSI,VDA,label
0,0.0,0.0,0.0,0.0,0.0,0.0,0.0,0.0,1
1,3.272727272727273,0.045454545454545456,11.0,0.0,-16.571428571428573,0.4665656565656566,45833.333333333336,0.0,1
2,3.272727272727273,0.13636363636363635,11.0,0.07142857142857142,-0.5,0.7392929292929292,42857.142857142855,0.0,1
3,3.272727272727273,0.18181818181818182,11.0,0.2,-3.3181818181818183,0.8756565656565656,46666.666666666664,0.0,1
4,3.272727272727273,0.4090909090909091,11.0,0.2,0.625,0.9892929292929294,37500.0,0.0,1
